AUTH_METHOD,TIMESTAMP,ACCOUNT_UID,ACCOUNT_NAME,ACCOUNT_EMAIL,ACCOUNT_ORGANIZATION_UID,ACCOUNT_ORGANIZATION_NAME,ACCOUNT_TAGS,FINDING_UID,PROVIDER,CHECK_ID,CHECK_TITLE,CHECK_TYPE,STATUS,STATUS_EXTENDED,MUTED,SERVICE_NAME,SUBSERVICE_NAME,SEVERITY,RESOURCE_TYPE,RESOURCE_UID,RESOURCE_NAME,RESOURCE_DETAILS,RESOURCE_TAGS,PARTITION,REGION,DESCRIPTION,RISK,RELATED_URL,REMEDIATION_RECOMMENDATION_TEXT,REMEDIATION_RECOMMENDATION_URL,REMEDIATION_CODE_NATIVEIAC,REMEDIATION_CODE_TERRAFORM,REMEDIATION_CODE_CLI,REMEDIATION_CODE_OTHER,COMPLIANCE,CATEGORIES,DEPENDS_ON,RELATED_TO,NOTES,PROWLER_VERSION,ADDITIONAL_URLS
role,2026-10-08T22:00:00Z,123456789012,Example Co,,,,,prowler-aws-backup_plans_exist-123456789012-ap-southeast-2-0,aws,backup_plans_exist,Ensure AWS Backup plans exist,,PASS,The resource is compliant with this check.,FALSE,backup,,medium,Other,arn:aws:backup:ap-southeast-2:123456789012:backup-plan/daily,daily,,,aws,ap-southeast-2,Ensure AWS Backup plans exist,,,,,,,,,,,,,,5.44.0,
role,2026-10-08T22:00:00Z,123456789012,Example Co,,,,,prowler-aws-s3_account_level_public_access_blocks-123456789012-ap-southeast-2-1,aws,s3_account_level_public_access_blocks,Check if S3 account level public access blocks are enabled,,PASS,The resource is compliant with this check.,FALSE,s3,,medium,Other,arn:aws:s3:::123456789012,arn:aws:s3:::123456789012,,,aws,ap-southeast-2,Check if S3 account level public access blocks are enabled,,,,,,,,,,,,,,5.44.0,
role,2026-10-08T22:00:00Z,123456789012,Example Co,,,,,prowler-aws-s3_bucket_public_access-123456789012-ap-southeast-2-2,aws,s3_bucket_public_access,Check if S3 buckets have public access,,PASS,The resource is compliant with this check.,FALSE,s3,,medium,Other,arn:aws:s3:::riverbend-records,arn:aws:s3:::riverbend-records,,,aws,ap-southeast-2,Check if S3 buckets have public access,,,,,,,,,,,,,,5.44.0,
role,2026-10-08T22:00:00Z,123456789012,Example Co,,,,,prowler-aws-s3_bucket_public_access-123456789012-ap-southeast-2-3,aws,s3_bucket_public_access,Check if S3 buckets have public access,,PASS,The resource is compliant with this check.,FALSE,s3,,medium,Other,arn:aws:s3:::riverbend-images,arn:aws:s3:::riverbend-images,,,aws,ap-southeast-2,Check if S3 buckets have public access,,,,,,,,,,,,,,5.44.0,
role,2026-10-08T22:00:00Z,123456789012,Example Co,,,,,prowler-aws-s3_bucket_public_access-123456789012-ap-southeast-2-4,aws,s3_bucket_public_access,Check if S3 buckets have public access,,FAIL,The resource is not compliant with this check.,FALSE,s3,,medium,Other,arn:aws:s3:::riverbend-open-data,arn:aws:s3:::riverbend-open-data,,,aws,ap-southeast-2,Check if S3 buckets have public access,,,,,,,,,,,,,,5.44.0,
role,2026-10-08T22:00:00Z,123456789012,Example Co,,,,,prowler-aws-macie_is_enabled-123456789012-ap-southeast-2-5,aws,macie_is_enabled,Check if Amazon Macie is enabled,,MANUAL,This check must be reviewed by hand; Prowler cannot settle it.,FALSE,macie,,medium,Other,arn:aws:macie2:ap-southeast-2:123456789012,arn:aws:macie2:ap-southeast-2:123456789012,,,aws,ap-southeast-2,Check if Amazon Macie is enabled,,,,,,,,,,,,,,5.44.0,
role,2026-10-08T22:00:00Z,123456789012,Example Co,,,,,prowler-aws-ec2_ebs_default_encryption-123456789012-ap-southeast-2-6,aws,ec2_ebs_default_encryption,Check if EBS default encryption is enabled,,PASS,The resource is compliant with this check.,FALSE,ec2,,medium,Other,vol-0a1b2c3d,vol-0a1b2c3d,,,aws,ap-southeast-2,Check if EBS default encryption is enabled,,,,,,,,,,,,,,5.44.0,
role,2026-10-08T22:00:00Z,123456789012,Example Co,,,,,prowler-aws-ec2_ebs_default_encryption-123456789012-ap-southeast-2-7,aws,ec2_ebs_default_encryption,Check if EBS default encryption is enabled,,FAIL,The resource is not compliant with this check.,TRUE,ec2,,medium,Other,vol-legacy01,vol-legacy01,,,aws,ap-southeast-2,Check if EBS default encryption is enabled,,,,,,,,,,,,,,5.44.0,
role,2026-10-08T22:00:00Z,123456789012,Example Co,,,,,prowler-aws-s3_bucket_default_encryption-123456789012-ap-southeast-2-8,aws,s3_bucket_default_encryption,Check if S3 buckets have default encryption enabled,,PASS,The resource is compliant with this check.,FALSE,s3,,medium,Other,arn:aws:s3:::riverbend-records,arn:aws:s3:::riverbend-records,,,aws,ap-southeast-2,Check if S3 buckets have default encryption enabled,,,,,,,,,,,,,,5.44.0,
role,2026-10-08T22:00:00Z,123456789012,Example Co,,,,,prowler-aws-s3_bucket_default_encryption-123456789012-ap-southeast-2-9,aws,s3_bucket_default_encryption,Check if S3 buckets have default encryption enabled,,PASS,The resource is compliant with this check.,FALSE,s3,,medium,Other,arn:aws:s3:::riverbend-images,arn:aws:s3:::riverbend-images,,,aws,ap-southeast-2,Check if S3 buckets have default encryption enabled,,,,,,,,,,,,,,5.44.0,
role,2026-10-08T22:00:00Z,123456789012,Example Co,,,,,prowler-aws-rds_instance_no_public_access-123456789012-ap-southeast-2-10,aws,rds_instance_no_public_access,Check if RDS instances are publicly accessible,,FAIL,The resource is not compliant with this check.,FALSE,rds,,medium,Other,arn:aws:rds:ap-southeast-2:123456789012:db:public-db,arn:aws:rds:ap-southeast-2:123456789012:db:public-db,,,aws,ap-southeast-2,Check if RDS instances are publicly accessible,,,,,,,,,,,,,,5.44.0,
role,2026-10-08T22:00:00Z,123456789012,Example Co,,,,,prowler-aws-rds_instance_no_public_access-123456789012-ap-southeast-2-11,aws,rds_instance_no_public_access,Check if RDS instances are publicly accessible,,FAIL,The resource is not compliant with this check.,FALSE,rds,,medium,Other,arn:aws:rds:ap-southeast-2:123456789012:db:public-db-2,arn:aws:rds:ap-southeast-2:123456789012:db:public-db-2,,,aws,ap-southeast-2,Check if RDS instances are publicly accessible,,,,,,,,,,,,,,5.44.0,
role,2026-10-08T22:00:00Z,123456789012,Example Co,,,,,prowler-aws-ec2_ebs_snapshot_account_block_public_access-123456789012-ap-southeast-2-12,aws,ec2_ebs_snapshot_account_block_public_access,Check if EBS snapshot account block public access is enabled,,PASS,The resource is compliant with this check.,FALSE,ec2,,medium,Other,arn:aws:ec2:ap-southeast-2:123456789012,arn:aws:ec2:ap-southeast-2:123456789012,,,aws,ap-southeast-2,Check if EBS snapshot account block public access is enabled,,,,,,,,,,,,,,5.44.0,
role,2026-10-08T22:00:00Z,123456789012,Example Co,,,,,prowler-aws-ec2_ami_account_block_public_access-123456789012-ap-southeast-2-13,aws,ec2_ami_account_block_public_access,Check if AMI account block public access is enabled,,PASS,The resource is compliant with this check.,FALSE,ec2,,medium,Other,arn:aws:ec2:ap-southeast-2:123456789012,arn:aws:ec2:ap-southeast-2:123456789012,,,aws,ap-southeast-2,Check if AMI account block public access is enabled,,,,,,,,,,,,,,5.44.0,
role,2026-10-08T22:00:00Z,123456789012,Example Co,,,,,prowler-aws-s3_bucket_secure_transport_policy-123456789012-ap-southeast-2-14,aws,s3_bucket_secure_transport_policy,Check if S3 buckets have a policy to only allow secure transport,,FAIL,The resource is not compliant with this check.,FALSE,s3,,medium,Other,arn:aws:s3:::riverbend-open-data,arn:aws:s3:::riverbend-open-data,,,aws,ap-southeast-2,Check if S3 buckets have a policy to only allow secure transport,,,,,,,,,,,,,,5.44.0,
role,2026-10-08T22:00:00Z,123456789012,Example Co,,,,,prowler-aws-unmapped_legacy_check-123456789012-ap-southeast-2-15,aws,unmapped_legacy_check,Check retired in Prowler 5 (example of an unmapped check),,FAIL,The resource is not compliant with this check.,FALSE,unmapped,,medium,Other,arn:aws:ec2:ap-southeast-2:123456789012:instance/i-0ff1ce,i-0ff1ce,,,aws,ap-southeast-2,Check retired in Prowler 5 (example of an unmapped check),,,,,,,,,,,,,,5.44.0,
